Customer Name,Customer Plan
Aaron Barber,Premium
Aaron Carter,Premium
Aaron Miller,Premium
Aaron Robinson,Premium
Aaron Washington,Premium
Aaron Wood,Premium
Abigail Ross,Premium
Adam Elliott,Premium
Adam Mills,Premium
Adrian Aguirre,Premium
Adrian Bauer,Premium
Adrian Mills,Premium
Adrienne Watkins,Premium
Alan Burton,Premium
Alan Irwin,Premium
Albert Padilla,Premium
Alex Figueroa,Premium
Alexa Hansen,Premium
Alexa Smith,Premium
Alexander Cooper,Premium
Alexander Garcia,Premium
Alexander Grimes,Premium
Alexandra King,Premium
Alexandra Owens,Premium
Alexis Bauer MD,Premium
Alicia Briggs,Premium
Alicia Houston,Premium
Alicia Jackson,Premium
Alisha Thomas,Premium
Alison Perez,Premium
Allen Jones,Premium
Allison Ryan,Premium
Allison Sweeney,Premium
Allison Wright,Premium
Alyssa Short,Premium
Alyssa Ware,Premium
Amanda Alvarez,Premium
Amanda Burke,Premium
Amanda Chang,Premium
Amanda Henry,Premium
Amanda Odom,Premium
Amanda Perez,Premium
Amanda Peterson,Premium
Amanda Spencer,Premium
Amanda Spencer MD,Premium
Amanda Warren,Premium
Amanda Williams,Premium
Amber Clarke,Premium
Amber Johnson,Premium
Amber Molina,Premium
Amber Wright,Premium
Amy Bernard,Premium
Amy Chandler,Premium
Amy Davis,Premium
Amy Goodman,Premium
Amy Green,Premium
Amy Hancock,Premium
Amy Moore,Premium
Amy Morrison,Premium
Amy Reed,Premium
Amy Smith,Premium
Amy Valdez,Premium
Ana Davidson,Premium
Andre Norris,Premium
Andre Rodriguez,Premium
Andrea Chaney,Premium
Andrea Clark,Premium
Andrea Gomez,Premium
Andrea Harper,Premium
Andrea Mcclure,Premium
Andrea Torres,Premium
Andrew Mcguire,Premium
Andrew Rice,Premium
Andrew Smith,Premium
Angel Herrera,Premium
Angela Carter,Premium
Angela Daniels,Premium
Angela Duffy,Premium
Angela Greene,Premium
Angela Holden,Premium
Angela Hurst,Premium
Angela Lewis,Premium
Angela Mcpherson,Premium
Angela Montgomery MD,Premium
Angela White,Premium
Angela Williams,Premium
Ann Kelly,Premium
Ann Miller,Premium
Anna Cohen,Premium
Anna Davis,Premium
Anna Diaz,Premium
Anna Lewis,Premium
Anna Lopez,Premium
Annette Richards,Premium
Annette Williams,Premium
Anthony Bell,Premium
Anthony Christian,Premium
Anthony Curry,Premium
Anthony Hughes,Premium
Anthony Johnson,Premium
Anthony Kramer,Premium
Anthony Leonard,Premium
Anthony Mcclain,Premium
Anthony Moreno,Premium
Anthony Thompson,Premium
Antonio Hall,Premium
Antonio Hansen,Premium
Antonio Mcdaniel MD,Premium
Antonio Thomas,Premium
April Green,Premium
April Nichols,Premium
April Rivers,Premium
Ariana Gibson,Premium
Arthur Miller,Premium
Ashlee Snyder MD,Premium
Ashley Bennett,Premium
Ashley Blanchard,Premium
Ashley Rice,Premium
Ashley Smith,Premium
Ashley Valdez,Premium
Ashley Vasquez,Premium
Audrey Harrison,Premium
Austin Calderon,Premium
Austin Taylor,Premium
Austin Wells,Premium
Bailey Mcpherson,Premium
Bailey Thomas,Premium
Bailey Webb,Premium
Barbara Casey,Premium
Barbara Fisher,Premium
Barbara Kim,Premium
Barbara Schroeder,Premium
Barry Davis,Premium
Barry Garrett,Premium
Becky Thomas,Premium
Benjamin Davis,Premium
Benjamin Jones,Premium
Benjamin Pierce,Premium
Benjamin Watts,Premium
Beth Conner,Premium
Beverly Green,Premium
Blake Garcia,Premium
Bob Meadows,Premium
Bonnie Travis,Premium
Brad Allen,Premium
Brady Martin,Premium
Brandi Torres,Premium
Brandon Blair,Premium
Brandon Bush,Premium
Brandy Howard,Premium
Brenda Cruz,Premium
Brenda Navarro,Premium
Brendan Cox,Premium
Brendan Smith,Premium
Brent Mitchell,Premium
Brent Price,Premium
Brett Hardy,Premium
Brett Petty,Premium
Brett Reed,Premium
Brian Anderson,Premium
Brian Bailey,Premium
Brian Callahan,Premium
Brian Castro,Premium
Brian Chapman,Premium
Brian Duncan,Premium
Brian Evans,Premium
Brian Gomez,Premium
Brian Henderson,Premium
Brian Hensley,Premium
Brian Hughes,Premium
Brian Martin,Premium
Brian Mccall,Premium
Brian Morgan,Premium
Brian Sweeney,Premium
Brian Ward,Premium
Briana Benson,Premium
Brianna Hobbs,Premium
Bridget Morse,Premium
Brittney Jones,Premium
Brooke Jefferson,Premium
Bruce Hinton,Premium
Bruce Wilcox,Premium
Bryan Henderson,Premium
Bryan Howard,Premium
Bryan Mooney,Premium
Bryan Richard,Premium
Bryan Williams,Premium
Bryce Schmidt,Premium
Caitlin Vasquez,Premium
Calvin Miller,Premium
Cameron Hernandez,Premium
Cameron Ingram,Premium
Candace Kaiser,Premium
Candice Young,Premium
Carl Brown,Premium
Carla Valenzuela,Premium
Carla Watson,Premium
Carlos Bridges,Premium
Carly Miller,Premium
Carol Brady,Premium
Carol Hall,Premium
Carol Pratt,Premium
Carol Russell,Premium
Carol Sanchez,Premium
Caroline Rodriguez,Premium
Carrie Haas,Premium
Casey Clarke,Premium
Casey Reynolds,Premium
Cassidy Carpenter,Premium
Cassie Adams,Premium
Catherine Curtis PhD,Premium
Catherine Hernandez,Premium
Catherine Lynch,Premium
Catherine Martinez,Premium
Catherine Mckinney,Premium
Chad Brown,Premium
Chad Soto,Premium
Charles Allen,Premium
Charles Fischer,Premium
Charles Hernandez,Premium
Charles Hunt,Premium
Charles Johnson,Premium
Charles King,Premium
Charles Morales,Premium
Charles Thompson,Premium
Chelsea Arellano,Premium
Chelsea Hall,Premium
Chelsea Nunez,Premium
Chelsea Price,Premium
Chelsea Smith,Premium
Chelsey Perez,Premium
Cheryl Fuller,Premium
Cheryl Scott,Premium
Cheryl Solis,Premium
Cheryl Stein,Premium
Chris Logan,Premium
Christie Anderson,Premium
Christina Adams,Premium
Christina Blair,Premium
Christina Chavez,Premium
Christina Hunter,Premium
Christine Fields,Premium
Christine James,Premium
Christine Meyer,Premium
Christine White,Premium
Christine Wood,Premium
Christopher Anderson,Premium
Christopher Brown,Premium
Christopher Bryant,Premium
Christopher Duran,Premium
Christopher Fuller,Premium
Christopher Garcia,Premium
Christopher Gates,Premium
Christopher Hood,Premium
Christopher Lutz,Premium
Christopher Mendez,Premium
Christopher Moyer,Premium
Christopher Ortiz,Premium
Christopher Schroeder,Premium
Christopher Townsend,Premium
Christopher Turner,Premium
Christopher Wright,Premium
Cindy Carr,Premium
Cindy Walker,Premium
Claire Cortez,Premium
Clayton Hickman,Premium
Clayton Shaw,Premium
Clifford Sutton,Premium
Clinton Lyons,Premium
Colin Mcdonald,Premium
Colleen Clarke,Premium
Colleen Mendoza,Premium
Colleen Warner,Premium
Connie Berry,Premium
Connie Holmes,Premium
Corey Burnett,Premium
Corey Collins,Premium
Cory Powers,Premium
Courtney Kramer,Premium
Craig Boyd,Premium
Craig Robertson,Premium
Crystal Brown,Premium
Crystal Gutierrez,Premium
Crystal Marsh,Premium
Crystal Martinez,Premium
Curtis Rogers,Premium
Cynthia Donovan,Premium
Cynthia Long,Premium
Cynthia Ward,Premium
Cynthia Willis,Premium
Daisy Lewis,Premium
Dale Chavez,Premium
Damon Flores,Premium
Dana Garcia,Premium
Dana Hanna,Premium
Dana Kramer,Premium
Dana Willis,Premium
Daniel Harrell,Premium
Daniel Martinez,Premium
Daniel Ponce,Premium
Daniel Richardson,Premium
Daniel Roberts,Premium
Daniel Robinson,Premium
Daniel Santana,Premium
Daniel Travis,Premium
Daniel Walsh,Premium
Danielle Craig,Premium
Danielle Lindsey,Premium
Danielle Savage,Premium
Danielle White,Premium
Danielle York,Premium
Danny Hayes,Premium
Danny Strickland,Premium
Darryl Moran,Premium
David Berg,Premium
David Bradley,Premium
David Cabrera,Premium
David Cordova,Premium
David Davidson,Premium
David Diaz,Premium
David Dixon,Premium
David Foster,Premium
David Gray,Premium
David Green,Premium
David Hartman,Premium
David Hughes,Premium
David Johnson,Premium
David Martin,Premium
David Miller,Premium
David Peters,Premium
David Todd,Premium
David Wilson,Premium
Dawn Aguilar,Premium
Debbie Jackson,Premium
Deborah Brown,Premium
Deborah Deleon,Premium
Deborah Jones,Premium
Deborah Kline,Premium
Deborah Lewis,Premium
Debra Grant,Premium
Debra Osborne,Premium
Denise Ellis,Premium
Denise Harmon,Premium
Denise Martinez,Premium
Denise Montoya,Premium
Dennis Baldwin,Premium
Dennis Martin,Premium
Dennis Washington,Premium
Derek Stokes,Premium
Derek Wood,Premium
Desiree Jordan,Premium
Desiree Parker,Premium
Devon Hunt,Premium
Diana Jones,Premium
Diana Wagner,Premium
Diane Castro,Premium
Donald Cooley,Premium
Donald Cowan,Premium
Donald Miller,Premium
Donna Brown,Premium
Donna Holland,Premium
Donna Lawrence,Premium
Donna Mitchell,Premium
Donna Sanders,Premium
Douglas Harris,Premium
Douglas Jones,Premium
Douglas Terrell,Premium
Dr. Brandon Richardson MD,Premium
Dr. Cheryl Warren,Premium
Dr. Courtney Smith DVM,Premium
Dr. Elizabeth Hinton MD,Premium
Dr. Kyle Wu MD,Premium
Dr. Michael Strong,Premium
Dr. Michelle Graham,Premium
Dr. Pamela Cannon,Premium
Dr. Robert Rangel,Premium
Dr. Sandra Romero,Premium
Dr. Steven Ross DVM,Premium
Dr. William Barnett,Premium
Dustin Keller,Premium
Dustin Martin,Premium
Dustin Melton,Premium
Dylan Spears,Premium
Earl Lynch DDS,Premium
Edward Anthony,Premium
Edward Chaney,Premium
Edward James,Premium
Edward Navarro,Premium
Edward Olsen,Premium
Edward Torres,Premium
Edwin Mack,Premium
Eileen Hunter,Premium
Elizabeth Campos,Premium
Elizabeth Davis,Premium
Elizabeth Franco,Premium
Elizabeth Garcia,Premium
Elizabeth Hernandez,Premium
Elizabeth Porter,Premium
Elizabeth Todd,Premium
Elizabeth Williams,Premium
Emily Friedman,Premium
Emily Hudson,Premium
Emily Peck,Premium
Emily Schneider,Premium
Emma Gomez,Premium
Emma Mosley,Premium
Eric Chandler,Premium
Eric Hoffman,Premium
Eric Hunter,Premium
Eric Johnson,Premium
Eric Pena,Premium
Eric Torres,Premium
Eric Ward,Premium
Eric Webb,Premium
Eric Weber,Premium
Erica Campbell DDS,Premium
Erica Duran,Premium
Erica Fisher,Premium
Erica Kennedy,Premium
Erica Watson,Premium
Erik Hurley,Premium
Erika Garcia,Premium
Erin Brown,Premium
Erin Green,Premium
Erin Holmes,Premium
Eugene Mcdonald,Premium
Evan Anderson MD,Premium
Evan Reid,Premium
Evan Rodriguez,Premium
Evelyn Obrien,Premium
Felicia Hampton,Premium
Felicia Shaw,Basic
Felicia Stanley,Basic
Frances Hoffman,Basic
Frank Hendricks,Basic
Frank Mcgee,Basic
Frank Richardson,Basic
Frank Sandoval,Basic
Frank Scott,Basic
Frank Ware,Basic
Frank Webster,Basic
Gabrielle Jackson,Basic
Garrett Hernandez,Basic
Gary Nelson,Basic
George Levy,Basic
Gerald Robinson,Basic
Gina Boyd,Basic
Gina Hill,Basic
Gina Miller,Basic
Gina Pace,Basic
Glen Juarez,Basic
Glenn Parker,Basic
Gloria Smith,Basic
Gregory Baldwin,Basic
Gregory Hammond,Basic
Gregory Hunt,Basic
Gregory Patterson,Basic
Gregory Schaefer,Basic
Haley Bennett,Basic
Haley Hart,Basic
Hannah Brown,Basic
Hannah Conrad,Basic
Harry Taylor,Basic
Heather Berg,Basic
Heather Castillo,Basic
Heather Cox,Basic
Heather Hayes,Basic
Heather Juarez,Basic
Heather Perkins,Basic
Heather Smith,Basic
Heather White,Basic
Henry Holland,Basic
Henry Rowe,Basic
Henry Wilson,Basic
Holly Campbell,Basic
Holly Chang,Basic
Holly Ford,Basic
Holly Jacobson,Basic
Hunter Mccoy,Basic
Ian Byrd,Basic
Isaac Mathis,Basic
Isaac Morrison,Basic
Isabella Hale,Basic
Isabella Parker,Basic
Isaiah Callahan,Basic
Isaiah Hernandez,Basic
Jack Brock,Basic
Jack Stuart,Basic
Jack Torres,Basic
Jacob Johnson,Basic
Jacob Porter,Basic
Jacob Richardson,Basic
Jacob Simpson,Basic
Jacob Warren,Basic
Jacqueline Dunlap,Basic
Jacqueline Hughes,Basic
James Adams,Basic
James Allen,Basic
James Copeland,Basic
James Edwards,Basic
James Gardner,Basic
James Hicks,Basic
James Horn,Basic
James Lowe,Basic
James Moody,Basic
James Sims,Basic
Jamie Bowers,Basic
Jamie Collins,Basic
Jamie Wong,Basic
Jane Edwards,Basic
Jane Smith,Basic
Janet Patton,Basic
Janice Rhodes,Basic
Jared Koch,Basic
Jared Richards,Basic
Jasmine Thompson,Basic
Jason Hamilton,Basic
Jason Hayden,Basic
Jason Rodriguez,Basic
Jason Weaver,Basic
Jason Weber,Basic
Jason Yu,Basic
Jeanette Hull,Basic
Jeff Jenkins,Basic
Jeffery Holland,Basic
Jeffery Jones,Basic
Jeffrey Clarke,Basic
Jeffrey Greer,Basic
Jeffrey Jones,Basic
Jeffrey Parrish,Basic
Jeffrey Trujillo,Basic
Jenna Rowe,Basic
Jennifer Adams,Basic
Jennifer Cowan,Basic
Jennifer Dunn,Basic
Jennifer Gomez,Basic
Jennifer Lee,Basic
Jennifer Lewis,Basic
Jennifer Luna,Basic
Jennifer Moore,Basic
Jennifer Morgan,Basic
Jennifer Pearson,Basic
Jennifer Thompson,Basic
Jennifer Ware,Basic
Jennifer Williams,Basic
Jenny Fisher,Basic
Jenny Sims,Basic
Jeremy Gonzalez,Basic
Jeremy Sullivan,Basic
Jerome Robinson,Basic
Jerome Williams,Basic
Jerry Potts,Basic
Jerry Walker,Basic
Jerry Washington,Basic
Jesse Mercer,Basic
Jesse Richards,Basic
Jessica Anderson,Basic
Jessica Arnold,Basic
Jessica Bonilla DVM,Basic
Jessica Brock,Basic
Jessica Carpenter,Basic
Jessica Davidson,Basic
Jessica Ferrell,Basic
Jessica French,Basic
Jessica Gonzalez,Basic
Jessica Hale,Basic
Jessica Harper,Basic
Jessica Harris,Basic
Jessica Johnson,Basic
Jessica Lucas,Basic
Jessica Mccarthy,Basic
Jessica Smith,Basic
Jesus Evans,Basic
Jesus Lopez,Basic
Jim Phillips,Basic
Joan Hart,Basic
Joanna Neal,Basic
Joe Jackson,Basic
John Brennan,Basic
John Brooks,Basic
John Campbell,Basic
John Cox,Basic
John Fuentes,Basic
John Harrell,Basic
John Howe,Basic
John Lozano,Basic
John Mckee,Basic
John Rodriguez,Basic
John Solis,Basic
John Welch,Basic
Johnathan Shepard,Basic
Jon Mcmahon,Basic
Jonathan Hernandez,Basic
Jonathan Lucero,Basic
Jonathan Matthews,Basic
Jonathan Roman,Basic
Jonathon Gutierrez,Basic
Jonathon Payne,Basic
Jordan Brown,Basic
Jordan Liu,Basic
Jordan Moran,Basic
Jordan Thomas,Basic
Jordan Vasquez,Basic
Jose Patterson,Basic
Jose Scott,Basic
Jose White,Basic
Jose Wilson,Basic
Joseph Burgess,Basic
Joseph Cannon,Basic
Joseph Gray,Basic
Joseph Hernandez,Basic
Joseph Hunter,Basic
Joseph Johnson,Basic
Joseph Jones,Basic
Joseph Martinez,Basic
Joseph Randall,Basic
Joseph Sandoval,Basic
Joseph Stein II,Basic
Joseph Stone,Basic
Joseph Suarez,Basic
Joseph Vasquez,Basic
Joseph Weaver,Basic
Joshua Bishop,Basic
Joshua Caldwell,Basic
Joshua Jennings,Basic
Joshua King PhD,Basic
Joshua Lopez,Basic
Joshua Peterson,Basic
Joshua Preston,Basic
Joshua Robles,Basic
Joshua Wilkinson,Basic
Joshua Williams,Basic
Joyce Lang,Basic
Juan Cooke,Basic
Juan Douglas,Basic
Judith Bryant,Basic
Judy Chavez,Basic
Judy Mcclain,Basic
Judy Santiago,Basic
Julie Barnes,Basic
Julie Carroll,Basic
Julie Ferrell,Basic
Julie Russell,Basic
Justin Coleman,Basic
Justin Davis,Basic
Justin George,Basic
Justin King,Basic
Justin Nelson,Basic
Justin Perry,Basic
Kaitlyn French,Basic
Kaitlyn Green,Basic
Karen Cunningham,Basic
Karen Grant,Basic
Karen Johnson,Basic
Karen Mayo,Basic
Karen Mckenzie,Basic
Karen Schultz,Basic
Karen Velasquez,Basic
Kari Peterson,Basic
Karla Love,Basic
Katelyn Davis,Basic
Katelyn Nunez,Basic
Katherine Bishop,Basic
Katherine Crawford,Basic
Katherine Henry,Basic
Katherine Hooper,Basic
Katherine Moore,Basic
Katherine Myers,Basic
Katherine Wagner,Basic
Kathleen Harris,Basic
Kathleen Jones,Basic
Kathryn Lee,Basic
Kathy Bishop,Basic
Katie Edwards,Basic
Katie Williams,Basic
Katrina Bentley,Basic
Katrina Johnson,Basic
Kayla Crawford,Basic
Kayla Gonzales,Basic
Kayla Maxwell,Basic
Kayla Meza,Basic
Kayla Ortiz,Basic
Kayla Smith,Basic
Kayla Wells,Basic
Kayla Williams,Basic
Keith Dixon,Basic
Keith Duncan,Basic
Keith Kaiser,Basic
Keith Mccormick,Basic
Kellie Miller,Basic
Kelly Baldwin,Basic
Kelly Edwards,Basic
Kelly Munoz,Basic
Kelly Phillips,Basic
Kelly Smith,Basic
Kelly Williams,Basic
Kelsey Baker,Basic
Kelsey Hopkins,Basic
Kelsey Williams,Basic
Kendra Gibbs,Basic
Kendra Rubio,Basic
Kendra Swanson,Basic
Kenneth Duncan DDS,Basic
Kenneth Morgan,Basic
Kenneth Ross,Basic
Kevin Decker,Basic
Kevin Dunn,Basic
Kevin Gutierrez,Basic
Kevin Holloway,Basic
Kevin Howell,Basic
Kevin Joyce,Basic
Kevin Marquez,Basic
Kevin Parker,Basic
Kevin Payne,Basic
Kevin Solis,Basic
Kimberly Cox,Basic
Kimberly Cunningham,Basic
Kimberly Garrett,Basic
Kimberly Gay,Basic
Kimberly Hinton,Basic
Kimberly Johns,Basic
Kimberly Keller,Basic
Kimberly Munoz,Basic
Kimberly Ramirez,Basic
Kimberly Thomas,Basic
Kirsten Mathis,Basic
Krista Ramirez,Basic
Kristen Spencer,Basic
Kristen Williams,Basic
Kristina Cook,Basic
Kristina Williams,Basic
Kristine Riley,Basic
Krystal Cook,Basic
Kyle Galloway,Basic
Kyle King,Basic
Kyle Lopez,Basic
Kyle Mason,Basic
Kyle Richardson,Basic
Kyle Soto,Basic
Kylie Mckenzie,Basic
Lance Mcneil,Basic
Larry Wilson,Basic
Laura Alvarado,Basic
Laura Fisher,Basic
Laura Gutierrez,Basic
Laura Jacobs,Basic
Laura Mcneil,Basic
Laura Moran,Basic
Laura Obrien,Basic
Laura Reyes,Basic
Lauren Atkins,Basic
Lauren Cain,Basic
Lauren Espinoza,Basic
Lauren Gray,Basic
Lauren Hall,Basic
Lauren Jackson,Basic
Lauren Miller,Basic
Lauren Ray,Basic
Lauren Wilkinson,Basic
Lawrence Archer,Basic
Lawrence Singh,Basic
Lee Lewis,Basic
Leon Taylor,Basic
Leslie Mcbride,Basic
Leslie Taylor,Basic
Leslie Williams,Basic
Leslie Wood,Basic
Linda Johnson,Basic
Linda Pennington,Basic
Lindsay Jackson,Basic
Lindsey Fritz,Basic
Lindsey Hall,Basic
Lindsey Long,Basic
Lisa Allen,Basic
Lisa Anderson,Basic
Lisa Deleon,Basic
Lisa English,Basic
Lisa Faulkner,Basic
Lisa Ferguson,Basic
Lisa Fowler,Basic
Lisa Grant,Basic
Lisa Kane,Basic
Lisa Morris,Basic
Lisa Rodriguez,Basic
Lisa Torres,Basic
Lisa Turner,Basic
Lisa Williams,Basic
Lisa Wilson,Basic
Lori Cooper,Basic
Lori Higgins,Basic
Lori Walker,Basic
Luis Santana,Basic
Luis Wilson,Basic
Luke Hernandez,Basic
Luke Roberts,Basic
Madison Moore,Basic
Mandy Benton,Basic
Marcus Morris,Basic
Marcus Nguyen,Basic
Margaret Cooper,Basic
Maria David,Basic
Maria Jones,Basic
Maria Mueller,Basic
Maria Robertson,Basic
Mariah Bell,Basic
Mariah Smith,Basic
Mariah Wiggins,Basic
Marie Cherry,Basic
Mario Mccullough,Basic
Marisa Smith,Basic
Mark Galvan,Basic
Mark Kim,Basic
Mark Martinez,Basic
Mark Vasquez,Basic
Martin Smith,Basic
Mary Bush,Basic
Mary Franklin,Basic
Mary Hernandez,Basic
Mary Lowery,Basic
Mary Palmer,Basic
Mary Terry,Basic
Mary Walton,Basic
Matthew Bowman,Basic
Matthew Martinez,Basic
Matthew Miller,Basic
Matthew Novak,Basic
Meagan Dunn,Basic
Megan Brewer,Basic
Megan Huang,Basic
Megan Odom,Basic
Megan Singh,Basic
Megan Smith,Basic
Megan Watson,Basic
Megan Wells,Basic
Meghan Smith,Basic
Melanie Evans,Basic
Melissa Bender,Basic
Melissa Brown,Basic
Melissa George,Basic
Melissa Jones,Basic
Melissa Pennington,Basic
Melissa Robinson,Basic
Melissa Rodriguez,Basic
Melissa Salas,Basic
Melissa Wyatt,Basic
Melissa Yates,Basic
Mia Stark,Basic
Michael Aguilar,Basic
Michael Allen,Basic
Michael Barnes,Basic
Michael Brady,Basic
Michael Elliott,Basic
Michael Estes,Basic
Michael Fleming,Basic
Michael Frank,Basic
Michael Garcia,Basic
Michael Harrison,Basic
Michael Kennedy,Basic
Michael Malone,Basic
Michael Mendoza,Basic
Michael Merritt,Basic
Michael Nash,Basic
Michael Richardson,Basic
Michael Salazar,Basic
Michael Smith,Basic
Michael Stanley,Basic
Michael Vargas,Basic
Michael Williams,Basic
Micheal Krause,Basic
Micheal Massey,Basic
Micheal Montes,Basic
Michele Alexander,Basic
Michele Burton,Basic
Michele Johnson,Basic
Michelle Berry,Basic
Michelle Cooper,Basic
Michelle Ferguson,Basic
Michelle Martin,Basic
Michelle Simmons,Basic
Michelle Weber,Basic
Michelle Williams,Basic
Mikayla Weeks,Basic
Mike Davis,Basic
Miss Tara Santos,Basic
Misty Jackson,Basic
Mitchell Shields,Basic
Monica Ingram DDS,Basic
Monica Osborn,Basic
Monica Trujillo,Basic
Monica Vaughn,Basic
Morgan Lewis,Basic
Mr. Bobby Brown,Basic
Mr. John Smith,Basic
Mr. John Walker,Basic
Mr. Michael Pittman,Basic
Mr. Richard Swanson,Basic
Mr. Robert Fisher,Basic
Mr. Ryan Bullock,Basic
Mrs. Bailey Miller,Basic
Mrs. Elizabeth Hood,Basic
Mrs. Elizabeth Roberson,Basic
Mrs. Maria Hunt,Basic
Mrs. Rita Booker,Basic
Ms. Michelle Cummings DDS,Basic
Nancy Cummings,Basic
Nancy Duran,Basic
Nancy Williams,Basic
Natalie Hernandez,Basic
Natalie Simon,Basic
Natalie Weber,Basic
Natalie Wiley,Basic
Natasha Johnston,Basic
Natasha Tran,Basic
Nathan Roberts,Basic
Nathan Stevens,Basic
Nathan Walls,Basic
Nicholas Greer,Basic
Nicholas Mason,Basic
Nicholas Pacheco,Basic
Nicholas Peters,Basic
Nichole Reynolds,Basic
Nicole Edwards,Basic
Nicole Hubbard MD,Basic
Nicole Johnson,Basic
Nicole Mayer,Basic
Nicole Salas,Basic
Nicole Wilkinson,Basic
Noah Long,Basic
Pam Wright,Basic
Pamela Harrington,Basic
Pamela Roberts,Basic
Pamela Willis DDS,Basic
Patricia Diaz,Basic
Patricia Jenkins,Basic
Patricia Johnson,Basic
Patricia Nelson,Basic
Patricia Patel,Basic
Patrick Brooks,Basic
Patrick Cunningham,Basic
Patrick Morrison,Basic
Paul Bailey,Basic
Paul Blackwell,Basic
Paul Fisher,Basic
Paul Hatfield,Basic
Paul Kennedy,Basic
Paul Lambert,Basic
Paul Nguyen,Basic
Paul Nicholson,Basic
Paula Mason,Basic
Pedro Jones,Basic
Peter Blanchard,Basic
Peter Martinez,Basic
Peter Smith,Basic
Philip Anderson,Basic
Philip Smith,Basic
Phillip Gibson,Basic
Phillip Gomez,Basic
Phyllis Wilcox,Basic
Rachel Castillo,Basic
Rachel Harris,Basic
Rachel Murphy,Basic
Rachel Simmons,Basic
Rachel Spence,Basic
Rachel Taylor,Basic
Rachel Vargas,Basic
Ralph Ramirez,Basic
Randall Perkins,Basic
Randy Hernandez,Basic
Raven Arellano,Basic
Raven Green,Basic
Raymond Baldwin,Basic
Raymond Ferrell,Basic
Raymond Webb,Basic
Rebecca Marshall,Basic
Rebecca Perry,Basic
Rebecca Rivas,Basic
Rebecca Smith,Basic
Rebecca Watson,Basic
Rebecca Weber,Basic
Rebekah Schwartz,Basic
Reginald Richardson,Basic
Renee Montes,Basic
Rhonda Bryant,Basic
Rhonda Guzman,Basic
Richard Burns,Basic
Richard Chaney,Basic
Richard Mcdonald,Basic
Richard Rios,Basic
Richard Ruiz,Basic
Ricky Copeland,Basic
Ricky Huffman,Basic
Riley Williams,Basic
Robert Berry,Basic
Robert Brown,Basic
Robert Ellis,Basic
Robert Harris,Basic
Robert Harrison,Basic
Robert Hinton,Basic
Robert Hood,Basic
Robert Leach,Basic
Robert Love,Basic
Robert Matthews,Basic
Robert Peters,Basic
Robert Richardson,Basic
Robert Ryan,Basic
Robert Shannon,Basic
Robert Watts,Basic
Robert Williams,Basic
Robin Gross,Basic
Robin Hall,Basic
Robin Simpson,Basic
Ronald Cooper,Basic
Ronald Hall,Basic
Ronald Quinn,Basic
Ronald Shaffer,Basic
Ronald White,Basic
Ronnie Barber,Basic
Ronnie Sanchez,Basic
Ronnie Williams,Basic
Ross Williams,Basic
Roy Campbell,Basic
Russell Gardner,Basic
Russell Kramer,Basic
Ryan Johnson,Basic
Ryan Parker,Basic
Ryan Pittman,Basic
Ryan Rogers,Basic
Ryan Ruiz,Basic
Samantha Carrillo,Basic
Samantha King,Basic
Samuel Blackburn,Basic
Samuel Boyd,Basic
Samuel Bradley,Basic
Samuel Crane,Basic
Samuel Harvey,Basic
Samuel Howard,Basic
Samuel Kelly,Basic
Samuel Mitchell,Basic
Sandra Anderson,Basic
Sandra Kelly,Basic
Sandra Lopez,Basic
Sandra Moore,Basic
Sandra Strong,Basic
Sarah Ashley,Basic
Sarah Benson,Basic
Sarah Bryant,Basic
Sarah Hurley,Basic
Sarah Jones,Basic
Sarah Ramos,Basic
Sarah Sanchez,Basic
Sarah Stanley,Basic
Sarah Thompson,Basic
Sarah Wallace,Basic
Savannah Norman,Basic
Scott Hobbs,Basic
Scott Jenkins,Basic
Scott Neal,Basic
Scott Nelson,Basic
Scott Robbins,Basic
Scott Saunders,Basic
Sean Ferguson,Basic
Sean Jacobs,Basic
Sean Smith,Basic
Seth Hansen,Basic
Shane Ware,Basic
Shannon Bailey,Basic
Sharon Diaz,Basic
Sharon Martin,Basic
Sharon Mendoza,Basic
Shawn Weaver DDS,Basic
Shawn Williams,Basic
Shawn Wise,Basic
Sheila Davis,Basic
Sheila Hoffman,Basic
Sheila Jones,Basic
Sheila Vargas,Basic
Sheila Walker,Basic
Shelby Nelson,Basic
Shelby Potts,Basic
Shelley Carroll,Basic
Shelly Smith,Basic
Sheri Castro,Basic
Sheri Thomas,Basic
Sherri Hernandez,Basic
Sierra Jackson,Basic
Spencer Wall,Basic
Stacey Moran,Basic
Stacey Moss,Basic
Stacey Smith,Basic
Stacey Stewart,Basic
Stacie Hatfield,Basic
Stacie Mclean,Basic
Stacy Dorsey,Basic
Stacy Sanchez,Basic
Stacy White,Basic
Stacy Young,Basic
Stanley Wright,Basic
Stephanie Brown,Basic
Stephanie Davis,Basic
Stephanie Dunn,Basic
Stephanie Miller,Basic
Stephanie Norris,Basic
Stephanie Parker,Basic
Stephanie Parrish,Basic
Stephanie Peterson,Basic
Stephanie Williams,Basic
Stephen Garza,Basic
Stephen Gibson,Basic
Stephen Salazar,Basic
Steven Benson,Basic
Steven Cobb,Basic
Steven Greene,Basic
Steven Norris,Basic
Steven Powell,Basic
Steven Riddle,Basic
Steven Vazquez,Basic
Stuart Obrien,Basic
Susan Berry,Basic
Susan Hernandez,Basic
Susan Johnson,Basic
Susan Nichols,Basic
Susan Shea,Basic
Sydney Nelson,Basic
Tamara May,Basic
Tanya Taylor,Basic
Tara Cantu,Basic
Tara Jones DDS,Basic
Tara Lee,Basic
Tasha Rose,Basic
Taylor Brown,Basic
Taylor Campbell,Basic
Taylor Castillo,Basic
Taylor Hernandez,Basic
Taylor Lee,Basic
Taylor Simpson,Basic
Teresa Nichols,Basic
Teresa Torres,Basic
Terri Baker,Basic
Terri Cunningham,Basic
Terri Donaldson,Basic
Terry Brooks,Basic
Terry Byrd,Basic
Terry Lawrence,Basic
Theodore White,Basic
Theresa Booth,Basic
Thomas Anderson,Basic
Thomas Glass,Basic
Thomas Gonzales,Basic
Thomas Powers,Basic
Thomas Spencer,Basic
Thomas Wilson,Basic
Thomas Wood,Basic
Tiffany Carter,Basic
Tiffany Haley,Basic
Tiffany Hill,Basic
Tiffany Johnson,Basic
Tiffany Rowe,Basic
Tiffany Snyder,Basic
Tiffany Williams,Basic
Tim Burns,Basic
Timothy Boone,Basic
Timothy Burnett,Basic
Timothy Fleming,Basic
Timothy Graham,Basic
Timothy Howard,Basic
Timothy Lopez,Basic
Timothy Preston,Basic
Timothy Robinson,Basic
Tina Flores,Basic
Tina Park,Basic
Todd Macias,Basic
Toni Young,Basic
Tracey Henderson,Basic
Tracey Wood,Basic
Tracie Johnson,Basic
Tracy Diaz,Basic
Tracy Jordan,Basic
Tracy Patton,Basic
Tracy Simpson,Basic
Travis Boyd,Basic
Travis Garcia,Basic
Travis Humphrey,Basic
Travis Jackson,Basic
Travis Murphy,Basic
Travis Werner,Basic
Travis White,Basic
Trevor Garrison,Basic
Troy Ferguson,Basic
Troy Lamb,Basic
Tyler Blair,Basic
Tyler Cervantes,Basic
Tyler Larsen,Basic
Tyler Long,Basic
Valerie Davis,Basic
Valerie Martinez,Basic
Vanessa Khan,Basic
Vanessa Lewis MD,Basic
Vanessa Reilly,Basic
Vanessa Schultz,Basic
Veronica Clements,Basic
Vickie Richmond,Basic
Victor Andrews,Basic
Victor Bailey,Basic
Victor Henry,Basic
Victor Williams,Basic
Victoria Gallagher,Basic
Victoria Morrow,Basic
Victoria Vaughn,Basic
Vincent Harmon,Basic
Virginia Stokes,Basic
Wayne Todd,Basic
Wendy Sanchez,Basic
Wesley Green,Basic
Whitney Ferguson,Basic
Whitney Patton,Basic
Whitney Yates,Basic
William Coleman,Basic
William Harvey,Basic
William Jensen,Basic
William Meyer,Basic
William Munoz,Basic
William Roberts,Basic
William Rojas,Basic
William Russell,Basic
William Sanchez,Basic
William Simpson,Basic
William Williams,Basic
Willie Cross,Basic
Willie Stone,Basic
Yvette Cole,Basic
Zachary Clark,Basic
Zachary Gray,Basic
